state,frequency_hz,frequency_bin,band,mean_signed_attribution,mean_abs_attribution,std_abs_attribution,n_samples,positive_mean_abs_attribution,negative_mean_abs_attribution,correct_only_mean_abs_attribution
EC,0.5,0,Delta,0.00026910308811024,0.00031479803220921086,0.006270032020604621,11780,3.382080131900621e-05,0.0006269949554205493,0.0003705508588909864
EC,1.0,1,Delta,0.00011677567412438807,0.0002116626481404087,0.004283653408260271,11780,3.223747864808617e-05,0.0004110239475763226,0.0002478869392544193
EC,1.5,2,Delta,-0.00012061075165538432,0.00016889004030184787,0.0028957720292101053,11780,2.9024297160288467e-05,0.00032429642157024726,0.00019739165854750263
EC,2.0,3,Delta,-9.536410344701799e-05,0.0001365656076802247,0.0017541714301588678,11780,3.4893944592216395e-05,0.0002495341222224561,0.00015821997393193735
EC,2.5,4,Delta,-4.685825866136173e-05,0.00010251669650328019,0.0009444703333758574,11780,4.049685357874391e-05,0.00017142763308609829,0.00011701056509205653
EC,3.0,5,Delta,-3.395654274930019e-05,9.332922535421874e-05,0.0008164568782293348,11780,3.784947737212546e-05,0.0001549733897787668,0.00010616732546180252
EC,3.5,6,Delta,-5.504809579767548e-05,0.00010316078805476083,0.001151239460556148,11780,3.273206548261717e-05,0.00018141492424603156,0.00011786550975588805
EC,4.0,7,Theta,-5.392544071158349e-05,0.00010310254645763429,0.001045323374476131,11780,3.3504318755209026e-05,0.00018043391057144016,0.00011817957522409398
EC,4.5,8,Theta,-5.0922215494208217e-05,9.627577020277533e-05,0.0010623318743539745,11780,3.400901824433334e-05,0.00016546105015659976,0.00011023094753813737
EC,5.0,9,Theta,-2.586033266339147e-05,9.094088665842894e-05,0.0008280267774404524,11780,3.4699029988674556e-05,0.00015343183851371155,0.00010434843258026596
EC,5.5,10,Theta,-5.51340551628491e-05,8.924630896746497e-05,0.0007540504181885186,11780,3.44084014914029e-05,0.00015017731727420063,0.00010292758024917695
EC,6.0,11,Theta,-4.2067918086115394e-05,8.175613374059174e-05,0.0006157007309886777,11780,2.9394022209481673e-05,0.00013993625766404736,9.429912958045802e-05
EC,6.5,12,Theta,-3.7200253592868496e-05,7.57952734221148e-05,0.0005663996966519086,11780,2.799189719757036e-05,0.00012891013589383084,8.734619178725857e-05
EC,7.0,13,Theta,-3.518799880083051e-05,6.847615723435732e-05,0.000357452358286632,11780,3.3352217159084004e-05,0.00010750275731799434,7.868220555073086e-05
EC,7.5,14,Theta,-4.51110061637522e-05,7.757655228558314e-05,0.0005530331317220751,11780,4.843966377500721e-05,0.00010995087285288974,8.924382265802571e-05
EC,8.0,15,Alpha,-0.00010685457015010728,0.00013633339873585397,0.0018120230480072092,11780,8.826022161676564e-05,0.00018974803997928548,0.00015850166123505282
EC,8.5,16,Alpha,-6.707691705288446e-05,0.00018558483964939483,0.0023401352448351263,11780,0.00010893767823538156,0.0002707483523316318,0.0002179758556811162
EC,9.0,17,Alpha,-6.950583416697878e-05,0.0002062114069881156,0.0030638317977317907,11780,6.0688624393668224e-05,0.00036790338764861264,0.00024298470536086755
EC,9.5,18,Alpha,3.684863195435411e-05,0.00015693417262717017,0.0023002089618890946,11780,3.0255258415279044e-05,0.00029768852175149357,0.00018371426522937497
EC,10.0,19,Alpha,-9.023575162834667e-05,0.00013420897273907736,0.0018190752825461344,11780,3.187722584681416e-05,0.0002479109137304809,0.00015539558241387465
EC,10.5,20,Alpha,-6.330511315446922e-05,9.75197951751559e-05,0.0007206784750437172,11780,4.078113226661259e-05,0.00016056275396242626,0.00011004296420881041
EC,11.0,21,Alpha,-5.8219005533761694e-05,8.842674796331483e-05,0.0007554543354102175,11780,4.915498243090227e-05,0.00013206204299932877,9.611849720656008e-05
EC,11.5,22,Alpha,-5.7201390067078426e-05,9.150590173399772e-05,0.0005523438485320574,11780,7.377019994632289e-05,0.00011121223705363645,9.963565039347556e-05
EC,12.0,23,Alpha,-6.802174032136418e-05,0.00010789595966502455,0.0007508738784522759,11780,8.536158950202128e-05,0.0001329341487350282,0.00012174358416321642
EC,12.5,24,Alpha,-5.43815639936013e-05,0.0001037208811391402,0.0007838028695644693,11780,7.599778653543136e-05,0.0001345243195877056,0.00011788109098304169
EC,13.0,25,Beta Low,-6.33417760856346e-05,0.00010978044431897176,0.0009139567381813661,11780,6.692546046214592e-05,0.00015739709304877825,0.0001255451229415284
EC,13.5,26,Beta Low,-6.943087502012143e-05,0.00012053192029439821,0.0011819392037631085,11780,5.859277628393541e-05,0.00018935319141713465,0.00013912389861845518
EC,14.0,27,Beta Low,-4.380184092763797e-05,0.00011989375808232086,0.0012143658732641379,11780,5.241372404811824e-05,0.0001948715736758793,0.00013859787415425475
EC,14.5,28,Beta Low,-4.8948367095563765e-05,0.00011555110976481816,0.001187840223522415,11780,4.8782688783331946e-05,0.0001897382441886917,0.00013357462122584468
EC,15.0,29,Beta Low,-6.226749054614772e-05,0.00012811098950055345,0.0012639358557059712,11780,4.735840548004101e-05,0.0002178360828566784,0.00014888381441474521
EC,15.5,30,Beta Low,-8.176250131032918e-05,0.00012742312768777668,0.0013655983579057664,11780,5.573802059855341e-05,0.00020707324667580256,0.0001476011421677986
EC,16.0,31,Beta Low,-8.645822005827106e-05,0.00012304224566581461,0.001163283042515086,11780,6.077786624678399e-05,0.00019222488946473758,0.00014200565437203356
EC,16.5,32,Beta Low,-7.291619500421904e-05,0.00011864899487412283,0.0012413388475320006,11780,5.964174195815128e-05,0.0001842126092252023,0.00013636531015320764
EC,17.0,33,Beta Low,-9.133441416296429e-05,0.00013962723735987936,0.001727973942129824,11780,6.648104577352957e-05,0.0002209007835669347,0.0001611829932850238
EC,17.5,34,Beta Low,-6.568770246591852e-05,0.00013726757206693828,0.001586669151563571,11780,5.88777514890896e-05,0.00022436737270899236,0.00015809774760379533
EC,18.0,35,Beta Medium,-6.204509912158956e-05,0.00013482298755432905,0.001720257924773966,11780,5.184841463245873e-05,0.0002270169574675183,0.00015525400111817935
EC,18.5,36,Beta Medium,-0.00010566937268356705,0.0001570850945612671,0.0023166615788744664,11780,4.883808860977072e-05,0.0002773595456184853,0.00018228301243974085
EC,19.0,37,Beta Medium,-3.890547036927953e-05,0.00014726346164641295,0.002263079828734273,11780,4.247226966724336e-05,0.00026369811940104584,0.00017109392374456097
EC,19.5,38,Beta Medium,-7.017179718311384e-05,0.00013155380662427984,0.0015648224562124222,11780,4.3106630874603585e-05,0.00022982844634614237,0.00015270387521192595
EC,20.0,39,Beta Medium,-9.416679889626494e-05,0.0001456898652790778,0.0019783231877674463,11780,5.0907471710712794e-05,0.0002510036359105945,0.00016969240116226867
EC,20.5,40,Beta Medium,-6.074316953498904e-05,0.00012797554766531474,0.0016010624483950408,11780,4.4312945577285145e-05,0.0002209339944297921,0.0001483185074366857
EC,21.0,41,Beta High,-7.295562359138394e-05,0.00011939013198208472,0.0016042345095680836,11780,4.639176245613082e-05,0.00020049943145536683,0.0001379883143776037
EC,21.5,42,Beta High,-6.686331848027465e-05,0.00011484931558915631,0.0010720425177128694,11780,5.483057467932245e-05,0.0001815368054889717,0.00013286117607205105
EC,22.0,43,Beta High,-5.739521206912167e-05,0.00011335375779312798,0.0012795599118668893,11780,5.435114938004041e-05,0.0001789122115854475,0.00013107668610583647
EC,22.5,44,Beta High,-6.173566565840958e-05,0.00011972751886989562,0.0013637092558775863,11780,5.734827565884811e-05,0.00018903778910439283,0.00013853421101311442
EC,23.0,45,Beta High,-5.4159205213400785e-05,0.00012213674597139163,0.0013438483838742823,11780,5.6887665609949406e-05,0.00019463572415077184,0.00014147025962552796
EC,23.5,46,Beta High,-6.774191429919625e-05,0.0001304053483659445,0.001737527992743952,11780,5.4065665699309294e-05,0.00021522721799553923,0.00015108930419396578
EC,24.0,47,Beta High,-6.453203278908995e-05,0.00012170587845057625,0.0014582892609059591,11780,4.9825090732995944e-05,0.0002015734203589988,0.0001407756029631933
EC,24.5,48,Beta High,-6.903670376497454e-05,0.0001300676372945155,0.0016031793966411743,11780,4.983530429237966e-05,0.00021921467396355537,0.00015064662188729662
EC,25.0,49,Beta High,-7.107596197893994e-05,0.0001297255738460865,0.001616420255847813,11780,5.0978078966781795e-05,0.00021722279037864726,0.00015031021465798243
EC,25.5,50,Beta High,-6.676782032549119e-05,0.00012568957417622166,0.0015612004571811204,11780,5.201902143241682e-05,0.00020754574389156036,0.00014559450981422838
EC,26.0,51,Beta High,-8.654660201766897e-05,0.00014574060797831976,0.0022329260395797463,11780,4.6167667697411236e-05,0.0002563772082904403,0.00016959421821851736
EC,26.5,52,Beta High,-6.518389130753597e-05,0.00014164258207077806,0.0018890426039500933,11780,4.228554566124452e-05,0.000252039289192482,0.000164869095658369
EC,27.0,53,Beta High,-7.29478052852602e-05,0.0001536026771820808,0.002214906134387378,11780,3.7130775086619905e-05,0.0002830159017325929,0.00017946824754698588
EC,27.5,54,Beta High,-7.967147634168607e-05,0.00016450059400942218,0.002324947327512846,11780,3.6053801801832626e-05,0.000307219252017855,0.0001924840727339037
EC,28.0,55,Beta High,-6.829936035176198e-05,0.00015915074013589744,0.0024052967614378025,11780,3.665483534058697e-05,0.00029525730101957574,0.0001862188011974694
EC,28.5,56,Beta High,-7.111034948867968e-05,0.00014257750437814094,0.001917214381665856,11780,3.587691804838451e-05,0.00026113371141120364,0.0001663599396444306
EC,29.0,57,Beta High,-0.00010654798233254375,0.00016656202871930087,0.002554751137425828,11780,3.496287481019622e-05,0.0003127833108405283,0.00019513516571115368
EC,29.5,58,Beta High,-9.379676406319598e-05,0.00015655019604350287,0.00227402354942501,11780,3.525398042588006e-05,0.00029132376895197264,0.0001830001621030011
EC,30.0,59,Gamma,-6.246259853659064e-05,0.00015908318500594667,0.0021645963392374974,11780,3.502066341002519e-05,0.00029693043122363725,0.0001862739918085365
EC,30.5,60,Gamma,-6.422445702105574e-05,0.00013512835230967133,0.001745468537454412,11780,3.719523889132435e-05,0.00024394292277450135,0.0001573612161570589
EC,31.0,61,Gamma,-7.74867232015214e-05,0.0001394725161637554,0.0018925426878015422,11780,3.813032343132387e-05,0.00025207495253312375,0.00016231552594128806
EC,31.5,62,Gamma,-7.982079048465708e-05,0.00014985472520726213,0.0020468047643467527,11780,3.8515398844416336e-05,0.0002735650878326463,0.00017463398725379292
EC,32.0,63,Gamma,-0.00010754266375292543,0.00016030587955918416,0.0022906281548157876,11780,3.8749834496336864e-05,0.0002953681518512367,0.00018697330547791244
EC,32.5,64,Gamma,-7.834027720563017e-05,0.00014554212955084357,0.0018669899771466176,11780,4.063319784650782e-05,0.0002621076092223277,0.00016953626531413532
EC,33.0,65,Gamma,-4.633994845202006e-05,0.0001303162167313165,0.0016691982882969694,11780,4.0436737149462047e-05,0.0002301823051555992,0.00015135270099867488
EC,33.5,66,Gamma,-8.119484349989438e-05,0.00014717712384414798,0.002166814058968973,11780,4.085758600327386e-05,0.00026530994366734146,0.00017139721399140034
EC,34.0,67,Gamma,-0.00010597814142543215,0.00016231826139581073,0.0028120541194779896,11780,4.13963104354983e-05,0.0002966759846850468,0.00018936190012801133
EC,34.5,68,Gamma,-0.00010415504082236389,0.00015128913780364337,0.0024710604101107316,11780,4.1230404105833726e-05,0.00027357661969009854,0.00017624429871963905
EC,35.0,69,Gamma,-3.5441755213591094e-05,0.00013249603742921756,0.001756686469593838,11780,4.4338828482975936e-05,0.0002304484918139305,0.00015382991690065232
EC,35.5,70,Gamma,-9.232698474436317e-05,0.00015478441523135485,0.0025227780537597543,11780,4.4849802490591465e-05,0.0002769339849433142,0.00018020791497205663
EC,36.0,71,Gamma,-0.00011201641325404735,0.00016866740359988672,0.002997959657365517,11780,4.573959830375836e-05,0.00030525385392891826,0.00019679079513340236
EC,36.5,72,Gamma,-6.172940821518867e-05,0.00013125617840503104,0.0019199017196881495,11780,4.669001669365391e-05,0.00022521858030656114,0.00015194981535065127
EC,37.0,73,Gamma,-6.699310356299988e-05,0.00014462717092688496,0.0021748249934585673,11780,4.6823144578952755e-05,0.00025329831131347625,0.0001678526143964071
EC,37.5,74,Gamma,-9.076124618598713e-05,0.00015079953474695612,0.0023498433157238077,11780,4.659919168581659e-05,0.00026657769370377784,0.0001752435428283285
EC,38.0,75,Gamma,-7.783184344670322e-05,0.000147510251548623,0.0022820002430433335,11780,4.9005611496014024e-05,0.0002569598516070774,0.00017114383407191522
EC,38.5,76,Gamma,-6.92213638323793e-05,0.00012040715472707169,0.0015128080687379143,11780,5.001927939138056e-05,0.00019861590510006184,0.0001386615541767147
EC,39.0,77,Gamma,-7.373903200878207e-05,0.00012887653573278958,0.0017760245509211747,11780,4.822804939323519e-05,0.00021848596499896114,0.00014874527866767253
EC,39.5,78,Gamma,-7.766656435117094e-05,0.00013170614623625958,0.0021572778725913173,11780,4.472979687634443e-05,0.0002283465344139431,0.00015207989987823145
EC,40.0,79,Gamma,-6.1384065620943e-05,0.0001248839550907475,0.00174700260534018,11780,4.4446394304602886e-05,0.00021425902263090817,0.0001439745875225246
EC,40.5,80,Gamma,-7.548019909204309e-05,0.00014494001351535748,0.0022633041982857345,11780,4.4981630667628894e-05,0.00025600488334616704,0.00016776836997031355
EC,41.0,81,Gamma,-8.928620012141297e-05,0.00014254149937794824,0.0023127512540512232,11780,4.37655029907718e-05,0.00025229260647481095,0.00016482910032842617
EC,41.5,82,Gamma,-5.1184430471313384e-05,0.00011445151168269836,0.0015486052252572018,11780,4.3963479336355004e-05,0.0001927715476230799,0.00013141470089809848
EC,42.0,83,Gamma,-7.164707197800383e-05,0.0001315713788255043,0.0020688850093466514,11780,4.4350412434595035e-05,0.0002284835637042924,0.0001517983317798623
EC,42.5,84,Gamma,-7.284200354082118e-05,0.00014489941558698272,0.0021477841568407516,11780,4.6796104879001226e-05,0.00025390309415140665,0.00016767100202903703
EC,43.0,85,Gamma,-5.8114244534044645e-05,0.00013983935187169384,0.0020228375933867278,11780,4.645874625435747e-05,0.00024359558033540092,0.0001617337835433328
EC,43.5,86,Gamma,-7.849749107381942e-05,0.00015341064389223034,0.0023799959036418274,11780,4.8542279400417045e-05,0.00026993104888313403,0.00017799426623569297
EC,44.0,87,Gamma,-3.185734243901682e-05,0.0001210713843779491,0.001676700133135895,11780,4.491863731944737e-05,0.00020568554777628437,0.00013948359819750643
EC,44.5,88,Gamma,-2.4423875171611928e-05,0.00012055599906216805,0.001650467258927505,11780,4.239928833731705e-05,0.00020739678875644692,0.0001393437929118102
EC,45.0,89,Gamma,-0.00012587309028882197,0.00017177022492260752,0.003001678651319604,11780,4.456045508284707e-05,0.0003131144136334525,0.00020042634306986507
EO,0.5,0,Delta,-8.792984807254737e-05,0.0002555895460820468,0.0005532502773944388,11780,0.00031016453653056675,0.00019495066780591354,0.0002684145556079524
EO,1.0,1,Delta,-5.3019321912945466e-05,0.00034399830467414977,0.0005971078493356792,11780,0.00036903172232831877,0.00031618339616951765,0.0003543183636185488
EO,1.5,2,Delta,-0.00024817568689244017,0.0006026377092583136,0.0017958479457394383,11780,0.0003885674113186378,0.0008404935958579532,0.0005670670475180904
EO,2.0,3,Delta,-0.00026885680531190206,0.0006293809631933001,0.0016313443468880578,11780,0.0004106596672522865,0.0008724046253499818,0.0005960463938328419
EO,2.5,4,Delta,-0.00023744694818972134,0.0006044672536703312,0.0012402791093183577,11780,0.0004438467808967967,0.000782934445640925,0.0005573060839407805
EO,3.0,5,Delta,-0.0003050187697989584,0.0006851493253866281,0.001862582952614321,11780,0.0004485201776666477,0.000948070600631051,0.000625133411716518
EO,3.5,6,Delta,-0.0002597612665099852,0.0006366689951763298,0.0016275234604594098,11780,0.0004293457796956159,0.0008670281234882339,0.0006096965111067218
EO,4.0,7,Theta,-0.00019942616295466687,0.0005579119746710419,0.0009864573768664717,11780,0.0004487787171924078,0.000679171149647302,0.000556972554688612
EO,4.5,8,Theta,-0.00020186012507972272,0.0005515875948105965,0.0009121140805062385,11780,0.000458883640693349,0.0006545919882742049,0.0005499758879821333
EO,5.0,9,Theta,-0.00016067608519110748,0.0005038303214964132,0.0008667272420871895,11780,0.0004368216755584782,0.000578284372538563,0.0005232812648780027
EO,5.5,10,Theta,-0.00011662385090549834,0.0004660235874203358,0.0008592269138980785,11780,0.00037958087720260886,0.0005620710432178103,0.0004991417799442426
EO,6.0,11,Theta,-0.00010365843523331203,0.0004597120631405245,0.0009208048571846361,11780,0.00034489271164992304,0.000587289120352304,0.0005029669440571636
EO,6.5,12,Theta,-0.0001113805696111102,0.000497656286071243,0.0012110403512083803,11780,0.00033328784560986336,0.0006802878865838872,0.0005512962093409679
EO,7.0,13,Theta,-9.231228429095857e-05,0.0005211053915909845,0.0012945314338325923,11780,0.0003581352696198607,0.0007021833048922331,0.0005714507645862869
EO,7.5,14,Theta,-0.00011308616985229679,0.0005144226416371801,0.0014119312041502169,11780,0.00039734424072667844,0.0006445097537599598,0.0005525615621713965
EO,8.0,15,Alpha,-9.269683436701811e-05,0.00045250032939314123,0.0008809517555827184,11780,0.0004578016630918182,0.0004466099586168334,0.0004927401864210835
EO,8.5,16,Alpha,2.400199924078508e-05,0.000344668248113337,0.0004694201211130653,11780,0.00038558233402972145,0.00029920815265068764,0.00036969672845438723
EO,9.0,17,Alpha,7.778410029591101e-05,0.0003224145844095622,0.00039315380580973543,11780,0.0003457247378151068,0.00029651441395895707,0.0003415087803417733
EO,9.5,18,Alpha,9.322668868687625e-05,0.0003291987430714865,0.0003864875239221054,11780,0.00035542700231184354,0.000300056232804423,0.00034562602371135935
EO,10.0,19,Alpha,0.00011365804639756892,0.0003310730159969559,0.00040180752774000877,11780,0.00035796129295426947,0.00030119715271105193,0.0003498544380337568
EO,10.5,20,Alpha,9.525658203357182e-05,0.00033097037966862503,0.0003986267035723685,11780,0.00035845025497898276,0.0003004371848793387,0.0003469130524896035
EO,11.0,21,Alpha,-2.4309819136465066e-05,0.0003878516620212935,0.0005889900285789719,11780,0.0003869578067528412,0.0003888448345417961,0.00037324427050064327
EO,11.5,22,Alpha,-0.00018241495730533016,0.00048400890889218094,0.0008795832875230686,11780,0.0004505618008860025,0.0005211723622323792,0.00044111047912497107
EO,12.0,23,Alpha,-0.0002476930290594764,0.0005110313736955865,0.0008775519937439618,11780,0.0004850515019230565,0.0005398978978872865,0.0004789127018594816
EO,12.5,24,Alpha,-0.00020812627195318924,0.0004785517547059949,0.0007286816501788503,11780,0.0005052940101708951,0.00044883813752277243,0.0004802148253813519
EO,13.0,25,Beta Low,-0.000214694804951802,0.0004914372603519886,0.0007292364291943069,11780,0.0005265854854076246,0.00045238367695683753,0.0005012629001443672
EO,13.5,26,Beta Low,-0.00019123526706991132,0.00047549038054335455,0.0006547634943059496,11780,0.0004905112451144489,0.00045880053101991645,0.000492292870667857
EO,14.0,27,Beta Low,-0.00018040859632191406,0.00047422453604487427,0.0007066526493049978,11780,0.00048646919423717637,0.0004606193602756497,0.0005004879154125193
EO,14.5,28,Beta Low,-0.00017980859550240026,0.0004895818904929426,0.0007082504234542233,11780,0.00048695594213949664,0.0004924996108856606,0.0005219967100273438
EO,15.0,29,Beta Low,-0.00018803633566196647,0.0004905481131403956,0.0007956162574959368,11780,0.0004835259844866312,0.000498350478311245,0.0005236072478716294
EO,15.5,30,Beta Low,-0.0002024079454604525,0.0005173864452190603,0.0009043582480144212,11780,0.0005207402094734422,0.0005136600404919692,0.0005568082195337097
EO,16.0,31,Beta Low,-0.00021032635792872007,0.0005239555318798241,0.0009114692329295175,11780,0.0005217597783235365,0.0005263952580534771,0.0005655736284950201
EO,16.5,32,Beta Low,-0.00022189661774006265,0.0005375878610260584,0.0011031013699555458,11780,0.0005451413246491493,0.0005291951236670684,0.000584965930272689
EO,17.0,33,Beta Low,-0.00019995683751817777,0.0005108404896870428,0.0009739058074105774,11780,0.0005295123468618126,0.0004900939817150763,0.0005543966421997984
EO,17.5,34,Beta Low,-0.0001637419725708645,0.00047728230646095843,0.0008971330317976488,11780,0.0005046913349493475,0.0004468278303627484,0.0005168991510901244
EO,18.0,35,Beta Medium,-0.00016949447099779216,0.00048691618512380945,0.0008776571597140049,11780,0.000513911216077202,0.00045692170628670664,0.0005245463952217247
EO,18.5,36,Beta Medium,-0.00014751046284023652,0.00046442546242126293,0.000775778382172719,11780,0.0004705250051943927,0.00045764819267334105,0.0004975806643113383
EO,19.0,37,Beta Medium,-0.00013380447448868444,0.0004578579756484509,0.0008149571005898249,11780,0.00045273731115331593,0.0004635476028652675,0.0004902167036341264
EO,19.5,38,Beta Medium,-0.0001228149256990524,0.00045520416960768636,0.0008381835864991467,11780,0.00044002918978862057,0.0004720652582955371,0.0004857389057391667
EO,20.0,39,Beta Medium,-0.00012824169978941494,0.0004672419914683071,0.0008066277311027201,11780,0.00045267591477671226,0.00048342652112563485,0.0004962488886055786
EO,20.5,40,Beta Medium,-0.0001413212416695461,0.0004794322780236751,0.0008858160312774547,11780,0.0004584971910437591,0.0005026934857791373,0.0005046164855706276
EO,21.0,41,Beta High,-0.0001780069830485516,0.000515129950422915,0.001024053483279664,11780,0.0004705412881709284,0.0005646729084806777,0.0005395982455133673
EO,21.5,42,Beta High,-0.00020734427769933378,0.0005609615627947704,0.0011939110734164905,11780,0.0004809690994782768,0.0006498420775908743,0.0005904959869822607
EO,22.0,43,Beta High,-0.00021935578581591285,0.0005725105810626671,0.0012119662017965004,11780,0.0004767913778817706,0.0006788652512636633,0.0006002954177577892
EO,22.5,44,Beta High,-0.00025939258278915363,0.0006058905190582024,0.001283343454145765,11780,0.0004968975742839231,0.000726993791029624,0.000626918470725886
EO,23.0,45,Beta High,-0.0002556052605714461,0.0005903322654763571,0.001291058012489467,11780,0.0004847264401864594,0.0007076720713540211,0.0006163894849049161
EO,23.5,46,Beta High,-0.0002710976398103155,0.0006176777357699004,0.0013101450354496968,11780,0.0004999115239945586,0.0007485290821869466,0.0006429506176096066
EO,24.0,47,Beta High,-0.00026765623936354186,0.0006081644675050724,0.0013367100467721331,11780,0.0004898442903809085,0.0007396313309763657,0.000633072447583906
EO,24.5,48,Beta High,-0.00026319199840686827,0.0006062676650180705,0.0013044308993291804,11780,0.00048402673530861,0.0007420909202508045,0.0006176681007989853
EO,25.0,49,Beta High,-0.0002737715366244602,0.0006200676992011017,0.001356282821017325,11780,0.0004966270535082604,0.0007572239721931475,0.0006448286675499713
EO,25.5,50,Beta High,-0.0002640867350157788,0.0006145841300410975,0.001242760780293203,11780,0.000514734507479475,0.000725528155109567,0.0006413974646575865
EO,26.0,51,Beta High,-0.00023558499060107697,0.0005910716538280373,0.0013053714547343522,11780,0.0004672486148958317,0.0007286528081971545,0.000615311878181847
EO,26.5,52,Beta High,-0.00021929902192921,0.0005764905592180518,0.0012669477540313736,11780,0.0004411672829160469,0.0007268497551091685,0.0006012033624840583
EO,27.0,53,Beta High,-0.00018774727958634725,0.0005641242749047914,0.001262396070020336,11780,0.0004224041479187681,0.0007215910826670395,0.0005952866201687187
EO,27.5,54,Beta High,-0.00019206974841720972,0.0005785013657537821,0.0013088015022664644,11780,0.00042402395242157557,0.0007501429361229005,0.0006130687600408022
EO,28.0,55,Beta High,-0.00018529331379915198,0.0005791028582352567,0.0013300793030208372,11780,0.0004234596764178285,0.000752039726921288,0.000614413390695823
EO,28.5,56,Beta High,-0.00018635659534248827,0.0005867917637140817,0.0013759089521603314,11780,0.0004218005277554342,0.00077011535922369,0.0006199825884209721
EO,29.0,57,Beta High,-0.00019069855355623687,0.0005815383053006379,0.001303466662620186,11780,0.00042349628530787166,0.0007571405497370447,0.0006005139812822759
EO,29.5,58,Beta High,-0.0001908456510855357,0.0005903684260523715,0.0013276267997556195,11780,0.0004350005227480414,0.0007629994297238495,0.0006100894357093455
EO,30.0,59,Gamma,-0.00018272519564930867,0.0005860451653434738,0.0014145763985279833,11780,0.0004426864217375329,0.0007453326582389638,0.0006094902253529466
EO,30.5,60,Gamma,-0.0001905208990259062,0.0005928567192788421,0.0014010915273191778,11780,0.00047235371063622826,0.0007267489511039686,0.0006136885585406816
EO,31.0,61,Gamma,-0.00016736622630184349,0.0005820404663611152,0.001360296258509056,11780,0.00047598018954837687,0.0006998852183752691,0.0006031906025133801
EO,31.5,62,Gamma,-0.00017875383113783106,0.0005812806139347933,0.001231504243155046,11780,0.00048147361019164445,0.0006921772847605142,0.0005958963269654767
EO,32.0,63,Gamma,-0.00020167011277682484,0.0006000457054193422,0.001217606714701338,11780,0.0004909272132579824,0.0007212884744875199,0.0006041128610742301
EO,32.5,64,Gamma,-0.00018874602587350017,0.0005804762988110819,0.0012600274189830533,11780,0.0004880680513125085,0.0006831521293650523,0.0005975802100682819
EO,33.0,65,Gamma,-0.00019066320774201002,0.0005793677854129141,0.0012305093237838776,11780,0.00048397694674348027,0.0006853576061567293,0.0005990874445560669
EO,33.5,66,Gamma,-0.00021835866272302016,0.0005991214075866119,0.001357348717824157,11780,0.0004996974151618443,0.0007095925102807983,0.0006160978477489602
EO,34.0,67,Gamma,-0.00023246300411682816,0.0006235988821626284,0.0013402674677326016,11780,0.000502106917550043,0.0007585899539543899,0.0006379236064381217
EO,34.5,68,Gamma,-0.0002142501569172939,0.000595440237092403,0.0012616505937077364,11780,0.0004983414685621318,0.0007033277576815933,0.0005952152916882013
EO,35.0,69,Gamma,-0.00019737533341445147,0.0005748478647883806,0.0012176133647325493,11780,0.0004873087247968926,0.0006721135758900339,0.0005740062839046535
EO,35.5,70,Gamma,-0.0001978759648641302,0.0005787290065048878,0.0012027815934967754,11780,0.0004807108647078483,0.0006876380529460429,0.0005795009525374504
EO,36.0,71,Gamma,-0.00017658642902644963,0.0005680170491155955,0.0012470549007586582,11780,0.0004856684691489277,0.0006595154713007819,0.0005687292763520722
EO,36.5,72,Gamma,-0.0001830893195031204,0.0005782898366086265,0.0012689378821285626,11780,0.0004862381486198361,0.0006805694899295046,0.0005831458225212093
EO,37.0,73,Gamma,-0.00021945270083957637,0.0006017258700960513,0.0013362267719485474,11780,0.0004969425635595164,0.0007181517662477566,0.0005998546469130651
EO,37.5,74,Gamma,-0.00023747463555402577,0.0006204140651311929,0.0013411084583414806,11780,0.000494448290662217,0.0007603760367633881,0.0006116036585314068
EO,38.0,75,Gamma,-0.00023184929615352497,0.000620286068093448,0.001295427687514657,11780,0.0005023214341501599,0.0007513578835859905,0.0006176717883185063
EO,38.5,76,Gamma,-0.0002273521455217352,0.0006236535750704439,0.0013708571265930408,11780,0.0004901176298219632,0.0007720268475687558,0.000623189832208626
EO,39.0,77,Gamma,-0.00025480193718445767,0.0006359920379562432,0.0013800204481547555,11780,0.000507508422118588,0.0007787516111091935,0.0006384096168929267
EO,39.5,78,Gamma,-0.00027018086840533903,0.0006487520066541819,0.0014617970446325563,11780,0.0005232295727674544,0.0007882213776394347,0.0006480480648718801
EO,40.0,79,Gamma,-0.00024202686220167784,0.0006263568185194894,0.001529187053911534,11780,0.0005168146208938271,0.0007480703714368916,0.0006312381627530054
EO,40.5,80,Gamma,-0.0002525365130649894,0.0006414501653010551,0.0016071864297092606,11780,0.0005045055396981146,0.0007936108604154333,0.0006434927450003646
EO,41.0,81,Gamma,-0.0002804193439687321,0.000662979336399181,0.0016565539709189915,11780,0.0005186404370392588,0.0008233558912435392,0.0006583282488392721
EO,41.5,82,Gamma,-0.0002764196806922431,0.0006532776708696405,0.0016436887641422923,11780,0.0005301789706445438,0.0007900540044530813,0.000661309534435704
EO,42.0,83,Gamma,-0.0002565731298458808,0.0006436408062477482,0.0015215202875167692,11780,0.0005172008504970352,0.0007841296459707626,0.0006553329321170507
EO,42.5,84,Gamma,-0.0002349173059096356,0.0006206232062550307,0.001438302602119674,11780,0.0004939337222144035,0.0007613892996335053,0.0006336886794163793
EO,43.0,85,Gamma,-0.0002681722574205208,0.0006497931912523524,0.0015142259342948872,11780,0.0005403297043537984,0.0007714192878063012,0.0006558425077465024
EO,43.5,86,Gamma,-0.0002653666142049836,0.0006514728400685729,0.0015906827306306321,11780,0.0005496925599811115,0.0007645620401657524,0.0006552537867803538
EO,44.0,87,Gamma,-0.0002851907500020134,0.0006545401043045244,0.0016818189182540156,11780,0.000523449963013509,0.0008001958168500971,0.0006607654308988125
EO,44.5,88,Gamma,-0.0003516684078940278,0.0006844164943537081,0.0018275977504715948,11780,0.0005221156579792635,0.0008647507569919801,0.0006948843940264031
EO,45.0,89,Gamma,-0.0002656292836423967,0.000717651838533319,0.0016448343605658115,11780,0.0006050150547086455,0.000842803820560734,0.0007226175295447128
